{"cameraMode":{"drawMode":0,"name":"Shaded","section":"Shading Mode"},"sceneLighting":true,"audioPlay":false,"sceneViewState":{"showFog":true,"showMaterialUpdate":false,"showSkybox":false,"showFlares":true,"showImageEffects":true,"showParticleSystems":true},"in2DMode":false,"pivot":{"x":-0.24332427978515626,"y":2.258258819580078,"z":3.6497955322265627},"rotation":{"x":-0.04312139376997948,"y":0.9294215440750122,"z":-0.11519106477499008,"w":-0.34792715311050417},"size":42.39930725097656,"orthographic":false}