{"cameraMode":{"drawMode":0,"name":"Shaded","section":"Shading Mode"},"sceneLighting":false,"audioPlay":false,"sceneViewState":{"showFog":false,"showMaterialUpdate":false,"showSkybox":false,"showFlares":false,"showImageEffects":false,"showParticleSystems":false},"in2DMode":false,"pivot":{"x":5.960464477539063e-8,"y":0.5934890508651733,"z":-0.045791685581207278},"rotation":{"x":-0.0027782993856817486,"y":0.954503059387207,"z":-0.008884810842573643,"w":-0.298087477684021},"size":0.8411786556243897,"orthographic":false}