{"cameraMode":{"drawMode":0,"name":"Shaded","section":"Shading Mode"},"sceneLighting":false,"audioPlay":false,"sceneViewState":{"showFog":false,"showMaterialUpdate":false,"showSkybox":false,"showFlares":false,"showImageEffects":false,"showParticleSystems":false},"in2DMode":false,"pivot":{"x":-1.3072959184646607,"y":2.2135415077209474,"z":0.6979997754096985},"rotation":{"x":-0.007593940012156963,"y":0.9676818251609802,"z":-0.02933790534734726,"w":-0.2503896951675415},"size":3.2811553478240969,"orthographic":false}