{"cameraMode":{"drawMode":0,"name":"Shaded","section":"Shading Mode"},"sceneLighting":false,"audioPlay":false,"sceneViewState":{"showFog":false,"showMaterialUpdate":false,"showSkybox":false,"showFlares":false,"showImageEffects":false,"showParticleSystems":false},"in2DMode":false,"pivot":{"x":-14.342085838317871,"y":1.5103535652160645,"z":0.06616896390914917},"rotation":{"x":0.0693431943655014,"y":0.7921968698501587,"z":0.09166314452886582,"w":-0.5993609428405762},"size":1.4987847805023194,"orthographic":false}