{"cameraMode":{"drawMode":0,"name":"Shaded","section":"Shading Mode"},"sceneLighting":false,"audioPlay":false,"sceneViewState":{"showFog":false,"showMaterialUpdate":false,"showSkybox":false,"showFlares":false,"showImageEffects":false,"showParticleSystems":false},"in2DMode":false,"pivot":{"x":-7.363345623016357,"y":5.742435455322266,"z":4.89459228515625},"rotation":{"x":0.003048844402655959,"y":0.9540472030639648,"z":0.009724073112010956,"w":-0.2995164394378662},"size":4.890819072723389,"orthographic":false}