{"cameraMode":{"drawMode":0,"name":"Shaded","section":"Shading Mode"},"sceneLighting":false,"audioPlay":false,"sceneViewState":{"showFog":false,"showMaterialUpdate":false,"showSkybox":false,"showFlares":false,"showImageEffects":false,"showParticleSystems":false},"in2DMode":false,"pivot":{"x":0.0,"y":1.0750808715820313,"z":1.2927080392837525},"rotation":{"x":-0.0029040887020528318,"y":-0.2507932782173157,"z":-0.000752797001041472,"w":0.9680377244949341},"size":1.4485576152801514,"orthographic":false}