{"cameraMode":{"drawMode":0,"name":"Shaded","section":"Shading Mode"},"sceneLighting":false,"audioPlay":false,"sceneViewState":{"showFog":false,"showMaterialUpdate":false,"showSkybox":false,"showFlares":false,"showImageEffects":false,"showParticleSystems":false},"in2DMode":false,"pivot":{"x":-15.047582626342774,"y":0.9692397117614746,"z":0.9524314403533936},"rotation":{"x":0.06846179068088532,"y":-0.11794158071279526,"z":0.008150918409228325,"w":0.9906246662139893},"size":0.8660253882408142,"orthographic":false}