{"cameraMode":{"drawMode":0,"name":"Shaded","section":"Shading Mode"},"sceneLighting":false,"audioPlay":false,"sceneViewState":{"showFog":false,"showMaterialUpdate":false,"showSkybox":false,"showFlares":false,"showImageEffects":false,"showParticleSystems":false},"in2DMode":false,"pivot":{"x":-19.718408584594728,"y":2.7596585750579836,"z":10.556245803833008},"rotation":{"x":-0.0029040887020528318,"y":-0.2507932782173157,"z":-0.000752797001041472,"w":0.9680377244949341},"size":7.632549285888672,"orthographic":false}