{"cameraMode":{"drawMode":0,"name":"Shaded","section":"Shading Mode"},"sceneLighting":false,"audioPlay":false,"sceneViewState":{"showFog":true,"showMaterialUpdate":false,"showSkybox":true,"showFlares":true,"showImageEffects":true,"showParticleSystems":true},"in2DMode":false,"pivot":{"x":-13.757692337036133,"y":1.836104393005371,"z":0.1917330026626587},"rotation":{"x":-0.16857703030109406,"y":0.5614808797836304,"z":-0.11809717118740082,"w":-0.8014824986457825},"size":0.9949874877929688,"orthographic":false}