{"cameraMode":{"drawMode":0,"name":"Shaded","section":"Shading Mode"},"sceneLighting":false,"audioPlay":false,"sceneViewState":{"showFog":false,"showMaterialUpdate":false,"showSkybox":false,"showFlares":false,"showImageEffects":false,"showParticleSystems":false},"in2DMode":false,"pivot":{"x":7.450580596923828e-8,"y":1.1608999967575074,"z":0.0},"rotation":{"x":0.07878678292036057,"y":-0.1252700537443161,"z":0.009980029426515103,"w":0.9889410734176636},"size":1.2041633129119874,"orthographic":false}