{"cameraMode":{"drawMode":0,"name":"Shaded","section":"Shading Mode"},"sceneLighting":false,"audioPlay":false,"sceneViewState":{"showFog":false,"showMaterialUpdate":false,"showSkybox":false,"showFlares":false,"showImageEffects":false,"showParticleSystems":false},"in2DMode":false,"pivot":{"x":-0.4999997615814209,"y":1.1484354734420777,"z":-4.023313522338867e-7},"rotation":{"x":0.07878678292036057,"y":-0.1252700537443161,"z":0.009980029426515103,"w":0.9889410734176636},"size":1.269771695137024,"orthographic":false}