{"cameraMode":{"drawMode":0,"name":"Shaded","section":"Shading Mode"},"sceneLighting":false,"audioPlay":false,"sceneViewState":{"showFog":false,"showMaterialUpdate":false,"showSkybox":false,"showFlares":false,"showImageEffects":false,"showParticleSystems":false},"in2DMode":false,"pivot":{"x":-8.822793960571289,"y":0.7199726104736328,"z":-2.7365105152130129},"rotation":{"x":0.04453094303607941,"y":0.9536736607551575,"z":0.17827321588993073,"w":-0.2382270097732544},"size":0.09996604919433594,"orthographic":false}