{"cameraMode":{"drawMode":0,"name":"Shaded","section":"Shading Mode"},"sceneLighting":false,"audioPlay":false,"sceneViewState":{"showFog":false,"showMaterialUpdate":false,"showSkybox":false,"showFlares":false,"showImageEffects":false,"showParticleSystems":false},"in2DMode":false,"pivot":{"x":0.1430000364780426,"y":0.11100032925605774,"z":-0.041000038385391238},"rotation":{"x":-0.1815662831068039,"y":0.0663229450583458,"z":0.012274358421564103,"w":0.9810650944709778},"size":0.2458084225654602,"orthographic":false}