{"cameraMode":{"drawMode":0,"name":"Shaded","section":"Shading Mode"},"sceneLighting":false,"audioPlay":false,"sceneViewState":{"showFog":false,"showMaterialUpdate":false,"showSkybox":false,"showFlares":false,"showImageEffects":false,"showParticleSystems":false},"in2DMode":false,"pivot":{"x":0.0,"y":-0.009953737258911133,"z":0.02420812100172043},"rotation":{"x":-0.15281623601913453,"y":0.17831382155418397,"z":0.028044672682881357,"w":0.9716314077377319},"size":0.17592377960681916,"orthographic":false}