{"cameraMode":{"drawMode":0,"name":"Shaded","section":"Shading Mode"},"sceneLighting":false,"audioPlay":false,"sceneViewState":{"showFog":false,"showMaterialUpdate":false,"showSkybox":false,"showFlares":false,"showImageEffects":false,"showParticleSystems":false},"in2DMode":false,"pivot":{"x":7.400000095367432,"y":0.5756845474243164,"z":-2.0657711029052736},"rotation":{"x":-0.31532207131385805,"y":0.5167322158813477,"z":-0.21240580081939698,"w":-0.7671064734458923},"size":1.8183611631393433,"orthographic":false}