{"cameraMode":{"drawMode":0,"name":"Shaded","section":"Shading Mode"},"sceneLighting":false,"audioPlay":false,"sceneViewState":{"showFog":false,"showMaterialUpdate":false,"showSkybox":false,"showFlares":false,"showImageEffects":false,"showParticleSystems":false},"in2DMode":false,"pivot":{"x":461.87408447265627,"y":232.64804077148438,"z":0.002554837614297867},"rotation":{"x":-0.12419810891151428,"y":-0.6031872630119324,"z":-0.09579591453075409,"w":0.7820303440093994},"size":0.40119755268096926,"orthographic":false}